,0,1,2,3,4,5,6,7
0,-1.534570749438322,-5.876427677383798,45.039973896321435,14.639669953068426,-11.477682096448596,0.21402949479584282,-1.0652669487074344,11.494816062087382
1,-1.522557736957062,-5.9314426143438554,45.49377173469464,14.404129197610684,-11.477682096448596,0.21402949479584282,-1.0652669487074344,11.494816062087382
2,-1.5101305668547667,-5.981368005228084,45.89591383375628,14.172844395576496,-11.477682096448596,0.21402949479584282,-1.0652669487074344,11.494816062087382
3,-1.4972640388537335,-6.025551259015277,46.2372757652291,13.946809577636763,-11.477682096448596,0.21402949479584282,-1.0652669487074344,11.494816062087382
4,-1.4842453414164554,-6.062593313736928,46.51569107833235,13.72620151711553,-11.477682096448596,0.21402949479584282,-1.0652669487074344,11.494816062087382
5,-1.4709882856997356,-6.091164689035959,46.71530384461386,13.512105783411114,-11.477682096448596,0.21402949479584282,-1.0652669487074344,11.494816062087382
6,-1.4590525539282402,-6.1080415618532395,46.81554620209574,13.32825060896378,-11.477682096448596,0.21402949479584282,-1.0652669487074344,11.494816062087382
7,-1.4486289949357836,-6.115057705112479,46.83519420464107,13.174448787903508,-11.477682096448596,0.21402949479584282,-1.0652669487074344,11.494816062087382
8,-1.4389259567386234,-6.114832123354305,46.79102164031635,13.038304911803607,-11.477682096448596,0.21402949479584282,-1.0652669487074344,11.494816062087382
9,-1.430404694187223,-6.1089341354150015,46.70027381275998,12.924335241642828,-11.477682096448596,0.21402949479584282,-1.0652669487074344,11.494816062087382
10,-1.4222402648665546,-6.098043848080861,46.566049606180385,12.819936058550569,-11.477682096448596,0.21402949479584282,-1.0652669487074344,11.494816062087382
11,-1.4143973593757733,-6.082663022805584,46.39248841661377,12.724283847079711,-11.477682096448596,0.21402949479584282,-1.0652669487074344,11.494816062087382
12,-1.4077119636090587,-6.065534049137954,46.20869574706393,12.646473696714043,-11.477682096448596,0.21402949479584282,-1.0652669487074344,11.494816062087382
13,-1.402039615916181,-6.048029255482186,46.02640696022627,12.58324182373903,-11.477682096448596,0.21402949479584282,-1.0652669487074344,11.494816062087382
14,-1.3961979660108297,-6.026962926577194,45.81109488774528,12.520247971811473,-11.477682096448596,0.21402949479584282,-1.0652669487074344,11.494816062087382
15,-1.3902159882112075,-6.002047269892105,45.56051147555645,12.458070161563924,-11.477682096448596,0.21402949479584282,-1.0652669487074344,11.494816062087382
16,-1.3845923850156179,-5.97548580187247,45.29704329031088,12.40204820437413,-11.477682096448596,0.21402949479584282,-1.0652669487074344,11.494816062087382
17,-1.3790564407433095,-5.946229641147102,45.010085272223776,12.34915049861518,-11.477682096448596,0.21402949479584282,-1.0652669487074344,11.494816062087382
18,-1.374557326508676,-5.920016375697685,44.7552916598106,12.307976559817932,-11.477682096448596,0.21402949479584282,-1.0652669487074344,11.494816062087382
19,-1.3711796801122083,-5.898631087215916,44.54864984345893,12.278124518018348,-11.477682096448596,0.21402949479584282,-1.0652669487074344,11.494816062087382
20,-1.3682466375584748,-5.878651723064686,44.356309230265765,12.252784566683207,-11.477682096448596,0.21402949479584282,-1.0652669487074344,11.494816062087382
21,-1.365990812983184,-5.861978824298176,44.19605887754095,12.233582407378437,-11.477682096448596,0.21402949479584282,-1.0652669487074344,11.494816062087382
22,-1.3633604436835414,-5.842540285018968,44.01051939368683,12.21211148137195,-11.477682096448596,0.21402949479584282,-1.0652669487074344,11.494816062087382
23,-1.360193811308857,-5.818972928532385,43.78717717332095,12.187381395202474,-11.477682096448596,0.21402949479584282,-1.0652669487074344,11.494816062087382
24,-1.3571685057370624,-5.795572539838495,43.566541552121166,12.164658768344298,-11.477682096448596,0.21402949479584282,-1.0652669487074344,11.494816062087382
25,-1.3539774721994562,-5.7703022422128045,43.32967325352009,12.141719910168842,-11.477682096448596,0.21402949479584282,-1.0652669487074344,11.494816062087382
26,-1.35109436877886,-5.746327208109528,43.105766195785094,12.12172053110531,-11.477682096448596,0.21402949479584282,-1.0652669487074344,11.494816062087382
27,-1.3485756107788667,-5.724304909684869,42.90067323160592,12.104807592960594,-11.477682096448596,0.21402949479584282,-1.0652669487074344,11.494816062087382
28,-1.345914641241249,-5.700654164828297,42.68146060423977,12.087651490531595,-11.477682096448596,0.21402949479584282,-1.0652669487074344,11.494816062087382
29,-1.3432103430752158,-5.676034376960938,42.454244336781166,12.070916623168472,-11.477682096448596,0.21402949479584282,-1.0652669487074344,11.494816062087382
30,-1.3415102080033618,-5.659178931787504,42.29864955065994,12.060727176470984,-11.477682096448596,0.21402949479584282,-1.0652669487074344,11.494816062087382
31,-1.3408388387073544,-5.650759921481846,42.22025873823503,12.056769259313713,-11.477682096448596,0.21402949479584282,-1.0652669487074344,11.494816062087382
32,-1.340758796204307,-5.647265537590307,42.18678614556401,12.056279667636456,-11.477682096448596,0.21402949479584282,-1.0652669487074344,11.494816062087382
33,-1.3415377026445616,-5.650972754076505,42.21889890686523,12.060773136016616,-11.477682096448596,0.21402949479584282,-1.0652669487074344,11.494816062087382
34,-1.3424391285449464,-5.655723555704112,42.26061887644714,12.066040979102914,-11.477682096448596,0.21402949479584282,-1.0652669487074344,11.494816062087382
35,-1.3434182329619733,-5.661121052988751,42.308344016223906,12.071836659570296,-11.477682096448596,0.21402949479584282,-1.0652669487074344,11.494816062087382
36,-1.3450675300977055,-5.671950029483747,42.40577082174093,12.081741638717947,-11.477682096448596,0.21402949479584282,-1.0652669487074344,11.494816062087382
37,-1.3472280028397574,-5.686719703857835,42.53951634456519,12.095007629468077,-11.477682096448596,0.21402949479584282,-1.0652669487074344,11.494816062087382
38,-1.3484721434983826,-5.69419910663017,42.606713706602,12.102951350968917,-11.477682096448596,0.21402949479584282,-1.0652669487074344,11.494816062087382
39,-1.3487266009311658,-5.694059151772211,42.60408422594803,12.104889532216646,-11.477682096448596,0.21402949479584282,-1.0652669487074344,11.494816062087382
40,-1.3485521042718083,-5.690688193870939,42.57185781600459,12.104239179547946,-11.477682096448596,0.21402949479584282,-1.0652669487074344,11.494816062087382
41,-1.347556468824373,-5.680993293551264,42.481747098261806,12.098628844107981,-11.477682096448596,0.21402949479584282,-1.0652669487074344,11.494816062087382
42,-1.3467091798790427,-5.6724910027732305,42.40269792737953,12.094087127493836,-11.477682096448596,0.21402949479584282,-1.0652669487074344,11.494816062087382
43,-1.3460403945134098,-5.665455013360275,42.337166439128495,12.090760255587547,-11.477682096448596,0.21402949479584282,-1.0652669487074344,11.494816062087382
44,-1.344714850448836,-5.653202111761951,42.22414347537271,12.083681781317464,-11.477682096448596,0.21402949479584282,-1.0652669487074344,11.494816062087382
45,-1.342917900820144,-5.6370594380984125,42.07596018744162,12.074121220227878,-11.477682096448596,0.21402949479584282,-1.0652669487074344,11.494816062087382
46,-1.341584132472934,-5.623714454268319,41.95306082785788,12.06711648550713,-11.477682096448596,0.21402949479584282,-1.0652669487074344,11.494816062087382
47,-1.3406823563291952,-5.612936813542273,41.853155152659035,12.062328602640735,-11.477682096448596,0.21402949479584282,-1.0652669487074344,11.494816062087382
48,-1.3398754356449747,-5.602397553640255,41.75527751473676,12.058003931271347,-11.477682096448596,0.21402949479584282,-1.0652669487074344,11.494816062087382
49,-1.3393817781870858,-5.593694121981078,41.673714853661565,12.055206327696656,-11.477682096448596,0.21402949479584282,-1.0652669487074344,11.494816062087382
50,-1.3384109971655431,-5.5806213227061585,41.55267248526562,12.049893227755815,-11.477682096448596,0.21402949479584282,-1.0652669487074344,11.494816062087382
51,-1.3369102211121837,-5.56259926066988,41.38715505965772,12.041954215627467,-11.477682096448596,0.21402949479584282,-1.0652669487074344,11.494816062087382
52,-1.3354447301181662,-5.543896141466764,41.21552737240664,12.034273656991774,-11.477682096448596,0.21402949479584282,-1.0652669487074344,11.494816062087382
53,-1.3338307121558135,-5.522939283763287,41.023800117905864,12.026017543855863,-11.477682096448596,0.21402949479584282,-1.0652669487074344,11.494816062087382
54,-1.3330332080645064,-5.5104216628308365,40.909213812370716,12.022293967141596,-11.477682096448596,0.21402949479584282,-1.0652669487074344,11.494816062087382
55,-1.3332029789339792,-5.508055056959992,40.886788675271774,12.023569982146254,-11.477682096448596,0.21402949479584282,-1.0652669487074344,11.494816062087382
56,-1.333748879203179,-5.509634391122263,40.90024823859475,12.026779572148817,-11.477682096448596,0.21402949479584282,-1.0652669487074344,11.494816062087382
57,-1.334958511196679,-5.518239754230868,40.977605725214794,12.033477763480526,-11.477682096448596,0.21402949479584282,-1.0652669487074344,11.494816062087382
58,-1.336403313419054,-5.528604111603037,41.07088758490955,12.041386101316737,-11.477682096448596,0.21402949479584282,-1.0652669487074344,11.494816062087382
59,-1.3380441820034694,-5.540250338401977,41.175837261526176,12.050350929847063,-11.477682096448596,0.21402949479584282,-1.0652669487074344,11.494816062087382
60,-1.3403545067233866,-5.558284656989688,41.33932808453447,12.063216956719794,-11.477682096448596,0.21402949479584282,-1.0652669487074344,11.494816062087382
61,-1.3432536294012525,-5.58141482069268,41.54995564131262,12.079844004789841,-11.477682096448596,0.21402949479584282,-1.0652669487074344,11.494816062087382
62,-1.3456504201514727,-5.599934863206025,41.71588786501332,12.0945970753046,-11.477682096448596,0.21402949479584282,-1.0652669487074344,11.494816062087382
63,-1.3475176638404087,-5.613935629957091,41.837319168757304,12.107160404364222,-11.477682096448596,0.21402949479584282,-1.0652669487074344,11.494816062087382
64,-1.3493325527878215,-5.62740199203144,41.952186422553396,12.120054606137812,-11.477682096448596,0.21402949479584282,-1.0652669487074344,11.494816062087382
65,-1.3508186543064,-5.6380666559085295,42.038641503194036,12.13170868243189,-11.477682096448596,0.21402949479584282,-1.0652669487074344,11.494816062087382
66,-1.3531363843589157,-5.654043141887134,42.18013057031741,12.147824992202567,-11.477682096448596,0.21402949479584282,-1.0652669487074344,11.494816062087382
67,-1.3563802405049297,-5.675650237432776,42.38072949210473,12.169145349970606,-11.477682096448596,0.21402949479584282,-1.0652669487074344,11.494816062087382
68,-1.3597545846983325,-5.696976716700088,42.58101849524114,12.191612946729652,-11.477682096448596,0.21402949479584282,-1.0652669487074344,11.494816062087382
69,-1.3635444697638466,-5.71972246397455,42.799188434572,12.21678735142016,-11.477682096448596,0.21402949479584282,-1.0652669487074344,11.494816062087382
70,-1.366559433940837,-5.737022477139266,42.961900093025385,12.238089375650109,-11.477682096448596,0.21402949479584282,-1.0652669487074344,11.494816062087382
71,-1.3686204993564497,-5.74818448968759,43.0611527746545,12.253979298834293,-11.477682096448596,0.21402949479584282,-1.0652669487074344,11.494816062087382
72,-1.3705150376207929,-5.757843004909687,43.14651633292635,12.268633904599394,-11.477682096448596,0.21402949479584282,-1.0652669487074344,11.494816062087382
73,-1.3719009247309557,-5.764192780902315,43.19851120300871,12.279868821225017,-11.477682096448596,0.21402949479584282,-1.0652669487074344,11.494816062087382
74,-1.3733111769270627,-5.770006189044669,43.24775996138131,12.2905164618103,-11.477682096448596,0.21402949479584282,-1.0652669487074344,11.494816062087382
75,-1.3748183438786077,-5.775666975624104,43.2986609388194,12.300856709120135,-11.477682096448596,0.21402949479584282,-1.0652669487074344,11.494816062087382
76,-1.3758603292493126,-5.7782799380433145,43.31966449451437,12.30743424927629,-11.477682096448596,0.21402949479584282,-1.0652669487074344,11.494816062087382
77,-1.3765545519088993,-5.778446540045197,43.31761658165386,12.310763032829918,-11.477682096448596,0.21402949479584282,-1.0652669487074344,11.494816062087382
78,-1.3775177290906364,-5.7803590522906365,43.33158211381894,12.316398370845095,-11.477682096448596,0.21402949479584282,-1.0652669487074344,11.494816062087382
79,-1.3787258451980704,-5.7839155994037945,43.360160699805284,12.324328382375816,-11.477682096448596,0.21402949479584282,-1.0652669487074344,11.494816062087382
80,-1.3799591564678253,-5.78742021388785,43.38854660616763,12.33219249773559,-11.477682096448596,0.21402949479584282,-1.0652669487074344,11.494816062087382
81,-1.3813598831251215,-5.791823033053636,43.42551114279506,12.341344380191392,-11.477682096448596,0.21402949479584282,-1.0652669487074344,11.494816062087382
82,-1.382433184272857,-5.7940507766834095,43.441532404204615,12.347478195228351,-11.477682096448596,0.21402949479584282,-1.0652669487074344,11.494816062087382
83,-1.383146443504457,-5.793914337422286,43.43491116860141,12.350195835670505,-11.477682096448596,0.21402949479584282,-1.0652669487074344,11.494816062087382
84,-1.383857760720424,-5.793680438908061,43.42714551435583,12.35271596960357,-11.477682096448596,0.21402949479584282,-1.0652669487074344,11.494816062087382
85,-1.3844530162300448,-5.79263397814123,43.41141508415753,12.354016925447912,-11.477682096448596,0.21402949479584282,-1.0652669487074344,11.494816062087382
86,-1.3847895639554832,-5.792357391572975,43.40591489897373,12.355725727526066,-11.477682096448596,0.21402949479584282,-1.0652669487074344,11.494816062087382
87,-1.3848866658768053,-5.793235734163494,43.41456997228385,12.358309224989032,-11.477682096448596,0.21402949479584282,-1.0652669487074344,11.494816062087382
88,-1.3847250661237502,-5.79398183480387,43.423664998280145,12.36023306682155,-11.477682096448596,0.21402949479584282,-1.0652669487074344,11.494816062087382
89,-1.3842684730769677,-5.795063622878693,43.43860431771129,12.36204416445021,-11.477682096448596,0.21402949479584282,-1.0652669487074344,11.494816062087382
90,-1.3836784636439383,-5.796057294527729,43.453636254636706,12.36350241311208,-11.477682096448596,0.21402949479584282,-1.0652669487074344,11.494816062087382
91,-1.3829464511162803,-5.796852136274511,43.46766707100309,12.36447705400899,-11.477682096448596,0.21402949479584282,-1.0652669487074344,11.494816062087382
92,-1.3819564325124192,-5.798017324863033,43.48797104391073,12.36562660599172,-11.477682096448596,0.21402949479584282,-1.0652669487074344,11.494816062087382
93,-1.38073526113652,-5.799412508941221,43.513029209932945,12.366938173775456,-11.477682096448596,0.21402949479584282,-1.0652669487074344,11.494816062087382
94,-1.3794311022121524,-5.79980211215351,43.52924995403306,12.365359887080157,-11.477682096448596,0.21402949479584282,-1.0652669487074344,11.494816062087382
95,-1.3780415607931946,-5.799196248020993,43.536823833603265,12.360690537705164,-11.477682096448596,0.21402949479584282,-1.0652669487074344,11.494816062087382
96,-1.376510109087401,-5.798100072714913,43.541384685642456,12.35438186417411,-11.477682096448596,0.21402949479584282,-1.0652669487074344,11.494816062087382
97,-1.3748723931723577,-5.796183520120696,43.53942616506024,12.34563899702627,-11.477682096448596,0.21402949479584282,-1.0652669487074344,11.494816062087382
98,-1.3724394940196059,-5.792204691579095,43.51949394809209,12.334765787895401,-11.477682096448596,0.21402949479584282,-1.0652669487074344,11.494816062087382
99,-1.369144850781001,-5.785844080229841,43.47859277007176,12.321837413686598,-11.477682096448596,0.21402949479584282,-1.0652669487074344,11.494816062087382
100,-1.3653427225202017,-5.777181390792921,43.417032088900655,12.30611075857555,-11.477682096448596,0.21402949479584282,-1.0652669487074344,11.494816062087382
101,-1.3608398475381316,-5.765507237262001,43.32815414381003,12.287724684641592,-11.477682096448596,0.21402949479584282,-1.0652669487074344,11.494816062087382
102,-1.3605452743012494,-5.7649265811995285,43.3294932177362,12.285632521296451,-11.477682096448596,0.21402949479584282,-1.0652669487074344,11.494816062087382
103,-1.3649504662112297,-5.776406417995575,43.428081679800215,12.30171453044551,-11.477682096448596,0.21402949479584282,-1.0652669487074344,11.494816062087382
104,-1.3715783799641286,-5.79111748183574,43.547758019312475,12.328202467809326,-11.477682096448596,0.21402949479584282,-1.0652669487074344,11.494816062087382
105,-1.3818236014260232,-5.809034036272234,43.6838799448162,12.373357784292914,-11.477682096448596,0.21402949479584282,-1.0652669487074344,11.494816062087382
106,-1.3818946482299517,-5.797820250921208,43.50234294492583,12.380420511049232,-11.477682096448596,0.21402949479584282,-1.0652669487074344,11.494816062087382
107,-1.3704945344312354,-5.7402622115633894,42.85789879162406,12.356962336812344,-11.477682096448596,0.21402949479584282,-1.0652669487074344,11.494816062087382
108,-1.3777176977556487,-5.754586604160115,42.943108069546064,12.394192216745354,-11.477682096448596,0.21402949479584282,-1.0652669487074344,11.494816062087382
109,-1.4020912179017928,-5.829179914771034,43.637881514910674,12.490508027119004,-11.477682096448596,0.21402949479584282,-1.0652669487074344,11.494816062087382
110,-1.4200727063838054,-5.856457296884598,43.85318553154748,12.551553355071007,-11.477682096448596,0.21402949479584282,-1.0652669487074344,11.494816062087382
111,-1.4367877689238833,-5.855722264113088,43.78432040361262,12.590394005864976,-11.477682096448596,0.21402949479584282,-1.0652669487074344,11.494816062087382
112,-1.4309975758502085,-5.85455772268003,43.81500590633583,12.563228000542873,-11.477682096448596,0.21402949479584282,-1.0652669487074344,11.494816062087382
113,-1.3967623475415434,-5.830389034135325,43.739383092175416,12.452098242954472,-11.477682096448596,0.21402949479584282,-1.0652669487074344,11.494816062087382
114,-1.390493419798616,-5.837343794286435,43.87886568175941,12.456618442887478,-11.477682096448596,0.21402949479584282,-1.0652669487074344,11.494816062087382
115,-1.4088829291909044,-5.895271320953693,44.426748814421664,12.559164858779747,-11.477682096448596,0.21402949479584282,-1.0652669487074344,11.494816062087382
116,-1.4167689978439995,-5.945939573682242,44.957655783999364,12.653501150998823,-11.477682096448596,0.21402949479584282,-1.0652669487074344,11.494816062087382
117,-1.4242092086245997,-5.996806018296262,45.50392213680792,12.78343437742268,-11.477682096448596,0.21402949479584282,-1.0652669487074344,11.494816062087382
118,-1.4290629880904842,-6.016303866132621,45.71112881507653,12.864741813261821,-11.477682096448596,0.21402949479584282,-1.0652669487074344,11.494816062087382
119,-1.4268228276732895,-6.011095795184365,45.65454988265012,12.867352081943647,-11.477682096448596,0.21402949479584282,-1.0652669487074344,11.494816062087382
120,-1.4244013434085347,-5.999939890353777,45.51279667746065,12.862208662310916,-11.477682096448596,0.21402949479584282,-1.0652669487074344,11.494816062087382
121,-1.4198009953187056,-5.972364679632578,45.18153879983721,12.82417425847277,-11.477682096448596,0.21402949479584282,-1.0652669487074344,11.494816062087382
122,-1.4176381834874152,-5.958616538104961,45.032519988172815,12.813089697620283,-11.477682096448596,0.21402949479584282,-1.0652669487074344,11.494816062087382
123,-1.4189820883938393,-5.965696605661368,45.13154188007983,12.835134849582236,-11.477682096448596,0.21402949479584282,-1.0652669487074344,11.494816062087382
124,-1.4195257949634232,-5.965643959721581,45.16831377616491,12.842220409257726,-11.477682096448596,0.21402949479584282,-1.0652669487074344,11.494816062087382
125,-1.420639874993274,-5.964864921718862,45.22558969527927,12.850955583211372,-11.477682096448596,0.21402949479584282,-1.0652669487074344,11.494816062087382
126,-1.4228032198528278,-5.961284967566236,45.23009608444834,12.874289356792982,-11.477682096448596,0.21402949479584282,-1.0652669487074344,11.494816062087382
127,-1.4256868835371492,-5.9558118545800385,45.17867211940801,12.905552468815134,-11.477682096448596,0.21402949479584282,-1.0652669487074344,11.494816062087382
128,-1.430172892670185,-5.954333438291606,45.17032257372786,12.951168221053315,-11.477682096448596,0.21402949479584282,-1.0652669487074344,11.494816062087382
129,-1.436361915024501,-5.9526181475648094,45.15212397106107,13.016331631161528,-11.477682096448596,0.21402949479584282,-1.0652669487074344,11.494816062087382
130,-1.4429056377669496,-5.965005492593702,45.26751301760952,13.089402889726928,-11.477682096448596,0.21402949479584282,-1.0652669487074344,11.494816062087382
131,-1.4499551757896665,-5.993982404566238,45.54512078082046,13.172789518574174,-11.477682096448596,0.21402949479584282,-1.0652669487074344,11.494816062087382
132,-1.4571440787788412,-6.014039157747866,45.70507288375177,13.275057970643541,-11.477682096448596,0.21402949479584282,-1.0652669487074344,11.494816062087382
133,-1.4665744387383486,-6.030524882510119,45.86893063668832,13.424959037194965,-11.477682096448596,0.21402949479584282,-1.0652669487074344,11.494816062087382
134,-1.4751517396425522,-6.036426011805773,45.985414146886455,13.5280679946708,-11.477682096448596,0.21402949479584282,-1.0652669487074344,11.494816062087382
135,-1.4836604264567146,-6.032840633025412,46.17650220559269,13.59729076221164,-11.477682096448596,0.21402949479584282,-1.0652669487074344,11.494816062087382
136,-1.4868984023276617,-6.028913783874698,46.134412806101416,13.622264703877812,-11.477682096448596,0.21402949479584282,-1.0652669487074344,11.494816062087382
137,-1.4840055586435288,-6.020145034530056,45.8400285601432,13.586201529681928,-11.477682096448596,0.21402949479584282,-1.0652669487074344,11.494816062087382
138,-1.4837284635062586,-6.008737255884284,45.71793527347109,13.585064810536643,-11.477682096448596,0.21402949479584282,-1.0652669487074344,11.494816062087382
139,-1.4850525374524286,-6.009447664760237,45.79805723607075,13.599917350610324,-11.477682096448596,0.21402949479584282,-1.0652669487074344,11.494816062087382
140,-1.4821963374916312,-6.0034230057850415,45.74909293452785,13.582528435747891,-11.477682096448596,0.21402949479584282,-1.0652669487074344,11.494816062087382
141,-1.4764020295557265,-5.994016181161245,45.64179172801864,13.546172176167696,-11.477682096448596,0.21402949479584282,-1.0652669487074344,11.494816062087382
142,-1.4738589171321548,-5.985503912662935,45.56269058867611,13.532043105274427,-11.477682096448596,0.21402949479584282,-1.0652669487074344,11.494816062087382
143,-1.4742427959162427,-5.981154403090204,45.52032216193964,13.533198744763334,-11.477682096448596,0.21402949479584282,-1.0652669487074344,11.494816062087382
144,-1.4750757027727928,-5.979443722782889,45.4985765105664,13.539773067008554,-11.477682096448596,0.21402949479584282,-1.0652669487074344,11.494816062087382
145,-1.4777123694662353,-5.981402900859721,45.509913858319564,13.560614304037342,-11.477682096448596,0.21402949479584282,-1.0652669487074344,11.494816062087382
146,-1.4791992473348552,-5.983958838532829,45.536191063120604,13.572309161358783,-11.477682096448596,0.21402949479584282,-1.0652669487074344,11.494816062087382
147,-1.479294405922252,-5.988332813376186,45.59008869071619,13.573466667756415,-11.477682096448596,0.21402949479584282,-1.0652669487074344,11.494816062087382
148,-1.4805144260786924,-5.995897218674427,45.68032148596461,13.583890241211348,-11.477682096448596,0.21402949479584282,-1.0652669487074344,11.494816062087382
149,-1.4822135142997028,-6.0060190272592235,45.80583433756981,13.59931075426932,-11.477682096448596,0.21402949479584282,-1.0652669487074344,11.494816062087382
150,-1.4826996418199763,-6.010871358489624,45.86341061727915,13.60224054041492,-11.477682096448596,0.21402949479584282,-1.0652669487074344,11.494816062087382
151,-1.482125692883715,-6.010736856622121,45.85106132255033,13.592860126874584,-11.477682096448596,0.21402949479584282,-1.0652669487074344,11.494816062087382
152,-1.480854357021608,-6.00928649565692,45.82101043610204,13.576631414311674,-11.477682096448596,0.21402949479584282,-1.0652669487074344,11.494816062087382
153,-1.4785054423263475,-6.0043839201731055,45.74511355717216,13.549559007579465,-11.477682096448596,0.21402949479584282,-1.0652669487074344,11.494816062087382
154,-1.4771259761854088,-6.002802858791642,45.714375931251176,13.531014793172929,-11.477682096448596,0.21402949479584282,-1.0652669487074344,11.494816062087382
155,-1.4768186786827953,-6.005427533946657,45.73998390579646,13.52193240444301,-11.477682096448596,0.21402949479584282,-1.0652669487074344,11.494816062087382
156,-1.476272785630179,-6.006986256843671,45.752658827069325,13.509740887074651,-11.477682096448596,0.21402949479584282,-1.0652669487074344,11.494816062087382
157,-1.4759691470450502,-6.0091209911473,45.774859877376954,13.499047349029953,-11.477682096448596,0.21402949479584282,-1.0652669487074344,11.494816062087382
158,-1.4751237068259864,-6.008562820692154,45.76490104780271,13.479489735522398,-11.477682096448596,0.21402949479584282,-1.0652669487074344,11.494816062087382
159,-1.4735667527063394,-6.004414237598151,45.71173136172763,13.44918428323064,-11.477682096448596,0.21402949479584282,-1.0652669487074344,11.494816062087382
160,-1.4720380852239219,-5.9998012974444075,45.65608590828636,13.41654679138146,-11.477682096448596,0.21402949479584282,-1.0652669487074344,11.494816062087382
161,-1.4703190674572821,-5.993371430064924,45.58257762460578,13.37897930813797,-11.477682096448596,0.21402949479584282,-1.0652669487074344,11.494816062087382
162,-1.468578840061398,-5.994825284432124,45.59621364343153,13.349924075616023,-11.477682096448596,0.21402949479584282,-1.0652669487074344,11.494816062087382
163,-1.466909998538625,-6.004491143445525,45.70619227884314,13.332507094120313,-11.477682096448596,0.21402949479584282,-1.0652669487074344,11.494816062087382
164,-1.4648708130312997,-6.01274728210767,45.77582634281218,13.299967480224932,-11.477682096448596,0.21402949479584282,-1.0652669487074344,11.494816062087382
165,-1.4629770633858632,-6.000790701026661,45.61946144943412,13.265543310557016,-11.477682096448596,0.21402949479584282,-1.0652669487074344,11.494816062087382
166,-1.4610138218905577,-6.000600504994103,45.6027875598282,13.234114640216323,-11.477682096448596,0.21402949479584282,-1.0652669487074344,11.494816062087382
167,-1.459133382147157,-6.002950399334514,45.62932132391293,13.20562383458159,-11.477682096448596,0.21402949479584282,-1.0652669487074344,11.494816062087382
168,-1.4572894811553248,-5.999802867384022,45.59037517566514,13.174493699210823,-11.477682096448596,0.21402949479584282,-1.0652669487074344,11.494816062087382
169,-1.4555276031559015,-5.993132738768887,45.51292119499696,13.142108156933938,-11.477682096448596,0.21402949479584282,-1.0652669487074344,11.494816062087382
170,-1.453506457062173,-5.989609654071067,45.47024810877651,13.111357647911131,-11.477682096448596,0.21402949479584282,-1.0652669487074344,11.494816062087382
171,-1.4512108722945931,-5.988595052515302,45.45254502482147,13.081596214513253,-11.477682096448596,0.21402949479584282,-1.0652669487074344,11.494816062087382
172,-1.4488491910697794,-5.987196079793194,45.431588946274836,13.051971008520102,-11.477682096448596,0.21402949479584282,-1.0652669487074344,11.494816062087382
173,-1.4463404858556181,-5.986576905235866,45.41949809732029,13.023021178677556,-11.477682096448596,0.21402949479584282,-1.0652669487074344,11.494816062087382
174,-1.4438353275760034,-5.982747730183729,45.37555468733225,12.992311763262732,-11.477682096448596,0.21402949479584282,-1.0652669487074344,11.494816062087382
175,-1.4413608502755566,-5.975051449515523,45.29334318568103,12.959644486349745,-11.477682096448596,0.21402949479584282,-1.0652669487074344,11.494816062087382
176,-1.4387808252792973,-5.965943280793861,45.19802204378659,12.926695507194852,-11.477682096448596,0.21402949479584282,-1.0652669487074344,11.494816062087382
177,-1.436135253728107,-5.9539391573359355,45.0749308427529,12.893102486332142,-11.477682096448596,0.21402949479584282,-1.0652669487074344,11.494816062087382
178,-1.4338644683235109,-5.944500129682768,44.975864970600895,12.862810332936576,-11.477682096448596,0.21402949479584282,-1.0652669487074344,11.494816062087382
179,-1.431999611085998,-5.938752299609029,44.911427893509014,12.835901643119996,-11.477682096448596,0.21402949479584282,-1.0652669487074344,11.494816062087382
180,-1.4303664201495587,-5.932779079595493,44.84394108618408,12.810240263419006,-11.477682096448596,0.21402949479584282,-1.0652669487074344,11.494816062087382
181,-1.4290901768541513,-5.92806785803716,44.78731852430447,12.786914706387726,-11.477682096448596,0.21402949479584282,-1.0652669487074344,11.494816062087382
182,-1.4268596596072847,-5.918624292253208,44.69005406039933,12.757407931585945,-11.477682096448596,0.21402949479584282,-1.0652669487074344,11.494816062087382
183,-1.4235638655558078,-5.903318301731198,44.542385805582256,12.721154979362982,-11.477682096448596,0.21402949479584282,-1.0652669487074344,11.494816062087382
184,-1.419939852084471,-5.885914929460054,44.377627616661165,12.683446443626961,-11.477682096448596,0.21402949479584282,-1.0652669487074344,11.494816062087382
185,-1.4156378335991973,-5.864251825922662,44.17740432713518,12.642436927001226,-11.477682096448596,0.21402949479584282,-1.0652669487074344,11.494816062087382
186,-1.4119627469177054,-5.843145221868776,43.984043667202386,12.60411029841383,-11.477682096448596,0.21402949479584282,-1.0652669487074344,11.494816062087382
187,-1.4090512288546608,-5.823315109402898,43.80375306494136,12.569071200421272,-11.477682096448596,0.21402949479584282,-1.0652669487074344,11.494816062087382
188,-1.4068833069533646,-5.8008751284755755,43.60536545149403,12.537413792954403,-11.477682096448596,0.21402949479584282,-1.0652669487074344,11.494816062087382
189,-1.405885105742053,-5.7761442226545014,43.3920343637966,12.511902689302055,-11.477682096448596,0.21402949479584282,-1.0652669487074344,11.494816062087382
190,-1.3986946697333167,-5.743239075404261,43.09984669679297,12.46262839294908,-11.477682096448596,0.21402949479584282,-1.0652669487074344,11.494816062087382
191,-1.3847979331108728,-5.69197580366102,42.63711857752085,12.394462467737606,-11.477682096448596,0.21402949479584282,-1.0652669487074344,11.494816062087382
192,-1.393538971146362,-5.668795924088545,42.46646543419485,12.421830216224453,-11.477682096448596,0.21402949479584282,-1.0652669487074344,11.494816062087382
193,-1.3831939494533518,-5.636767546926946,42.099990159943694,12.348340734429987,-11.477682096448596,0.21402949479584282,-1.0652669487074344,11.494816062087382
194,-1.3810748703425957,-5.598985083699574,41.750192278679236,12.326626874196151,-11.477682096448596,0.21402949479584282,-1.0652669487074344,11.494816062087382
195,-1.3744107949914275,-5.550725033474952,41.31911329893043,12.28999230802815,-11.477682096448596,0.21402949479584282,-1.0652669487074344,11.494816062087382
196,-1.3690204915124509,-5.502541057436811,40.875692129358036,12.258291251792318,-11.477682096448596,0.21402949479584282,-1.0652669487074344,11.494816062087382
197,-1.363967353388085,-5.452422895996371,40.41104399285801,12.22899093835118,-11.477682096448596,0.21402949479584282,-1.0652669487074344,11.494816062087382
198,-1.359277983952131,-5.405604066925444,39.983410573406324,12.205670596099136,-11.477682096448596,0.21402949479584282,-1.0652669487074344,11.494816062087382
199,-1.3554670139489722,-5.365226327973711,39.61567576268787,12.188548647597242,-11.477682096448596,0.21402949479584282,-1.0652669487074344,11.494816062087382
200,-1.3524024148142086,-5.327543341782249,39.29399910474651,12.174839494561299,-11.477682096448596,0.21402949479584282,-1.0652669487074344,11.494816062087382
201,-1.350328492043416,-5.294771796689518,39.0407586843337,12.165746068743315,-11.477682096448596,0.21402949479584282,-1.0652669487074344,11.494816062087382
202,-1.34716225235387,-5.266735317592638,38.72925799074468,12.156465536238914,-11.477682096448596,0.21402949479584282,-1.0652669487074344,11.494816062087382
203,-1.3456075784216468,-5.238306629860259,38.52948268985145,12.149473260271584,-11.477682096448596,0.21402949479584282,-1.0652669487074344,11.494816062087382
204,-1.344008360380737,-5.217953314169085,38.343675974243375,12.144805588856098,-11.477682096448596,0.21402949479584282,-1.0652669487074344,11.494816062087382
205,-1.343162713874054,-5.203615506095267,38.22364145116365,12.14266112679216,-11.477682096448596,0.21402949479584282,-1.0652669487074344,11.494816062087382
206,-1.341954230124652,-5.187725007699887,38.08579784299484,12.13876226522495,-11.477682096448596,0.21402949479584282,-1.0652669487074344,11.494816062087382
207,-1.3403826373202234,-5.17039730707851,37.931276537943354,12.133054682619491,-11.477682096448596,0.21402949479584282,-1.0652669487074344,11.494816062087382
208,-1.3388554340051024,-5.15534514353325,37.794458707796444,12.12712394916125,-11.477682096448596,0.21402949479584282,-1.0652669487074344,11.494816062087382
209,-1.3371377074731288,-5.14071977052068,37.657949311313004,12.12000735344667,-11.477682096448596,0.21402949479584282,-1.0652669487074344,11.494816062087382
210,-1.335967631732953,-5.132886311047683,37.581082297000634,12.114328651582342,-11.477682096448596,0.21402949479584282,-1.0652669487074344,11.494816062087382
211,-1.335401596449444,-5.132531692479683,37.569715776882575,12.110168888693607,-11.477682096448596,0.21402949479584282,-1.0652669487074344,11.494816062087382
212,-1.3348839080926374,-5.135048773223165,37.58077885066893,12.105496520153636,-11.477682096448596,0.21402949479584282,-1.0652669487074344,11.494816062087382
213,-1.334585954785786,-5.141976947012192,37.62851293136823,12.100955996911805,-11.477682096448596,0.21402949479584282,-1.0652669487074344,11.494816062087382
214,-1.334139854159715,-5.145806983265225,37.65006566365133,12.096483304891542,-11.477682096448596,0.21402949479584282,-1.0652669487074344,11.494816062087382
215,-1.3334520788957953,-5.145452648473643,37.63584746301976,12.091783337913327,-11.477682096448596,0.21402949479584282,-1.0652669487074344,11.494816062087382
216,-1.3328225002241603,-5.145673622946247,37.62662394268728,12.087334896894728,-11.477682096448596,0.21402949479584282,-1.0652669487074344,11.494816062087382
217,-1.332133248873271,-5.144292084614204,37.60400500072789,12.083035246415111,-11.477682096448596,0.21402949479584282,-1.0652669487074344,11.494816062087382
218,-1.3314716255300063,-5.144724462096902,37.595645202913815,12.078502201173563,-11.477682096448596,0.21402949479584282,-1.0652669487074344,11.494816062087382
219,-1.3308592736676637,-5.147358317438728,37.60490386834859,12.073782958299635,-11.477682096448596,0.21402949479584282,-1.0652669487074344,11.494816062087382
220,-1.3301456275779768,-5.148567530475166,37.60174314638925,12.06896265884605,-11.477682096448596,0.21402949479584282,-1.0652669487074344,11.494816062087382
221,-1.3293466196943113,-5.149060286629809,37.591908644863516,12.063958702394231,-11.477682096448596,0.21402949479584282,-1.0652669487074344,11.494816062087382
222,-1.3290769208221116,-5.156417101883371,37.64258146622036,12.060353540436926,-11.477682096448596,0.21402949479584282,-1.0652669487074344,11.494816062087382
223,-1.329367613204175,-5.170741591594168,37.755081393007,12.058409443288042,-11.477682096448596,0.21402949479584282,-1.0652669487074344,11.494816062087382
224,-1.3299324685138396,-5.188760477709934,37.90026364934403,12.057460543849938,-11.477682096448596,0.21402949479584282,-1.0652669487074344,11.494816062087382
225,-1.3309330448453267,-5.212233379222936,38.09413784996997,12.058188580958848,-11.477682096448596,0.21402949479584282,-1.0652669487074344,11.494816062087382
226,-1.331973462574358,-5.235851195501052,38.29013914355037,12.059662753351997,-11.477682096448596,0.21402949479584282,-1.0652669487074344,11.494816062087382
227,-1.3330261904823433,-5.259281868753435,38.485343743325615,12.06181989183837,-11.477682096448596,0.21402949479584282,-1.0652669487074344,11.494816062087382
228,-1.334426082730572,-5.286473970475569,38.71515726906778,12.065928888076316,-11.477682096448596,0.21402949479584282,-1.0652669487074344,11.494816062087382
229,-1.3360881986406785,-5.3161503057969455,38.96856277024548,12.07194573931295,-11.477682096448596,0.21402949479584282,-1.0652669487074344,11.494816062087382
230,-1.3370355066144999,-5.33813959852818,39.1466255874578,12.07466257860835,-11.477682096448596,0.21402949479584282,-1.0652669487074344,11.494816062087382
231,-1.3372117338599763,-5.3521478120531505,39.24572780366334,12.073399433929861,-11.477682096448596,0.21402949479584282,-1.0652669487074344,11.494816062087382
232,-1.3370185721060794,-5.3622368418308675,39.306063101642145,12.070355956699261,-11.477682096448596,0.21402949479584282,-1.0652669487074344,11.494816062087382
233,-1.3361870791742914,-5.365617909717267,39.300434355320206,12.064015725400974,-11.477682096448596,0.21402949479584282,-1.0652669487074344,11.494816062087382
234,-1.33644911985483,-5.373460488295817,39.34910450800547,12.06245158952489,-11.477682096448596,0.21402949479584282,-1.0652669487074344,11.494816062087382
235,-1.3379397515215474,-5.38654167829769,39.46034390092144,12.06615233344919,-11.477682096448596,0.21402949479584282,-1.0652669487074344,11.494816062087382
236,-1.3395887500938553,-5.396910174269244,39.55102051370119,12.06985099542332,-11.477682096448596,0.21402949479584282,-1.0652669487074344,11.494816062087382
237,-1.341836807950282,-5.40693150241692,39.64746006496859,12.075688709112574,-11.477682096448596,0.21402949479584282,-1.0652669487074344,11.494816062087382
238,-1.342850326627874,-5.415218853927066,39.71769303609941,12.078156161076636,-11.477682096448596,0.21402949479584282,-1.0652669487074344,11.494816062087382
239,-1.342397675331233,-5.421236194573451,39.75506418963279,12.076141181834242,-11.477682096448596,0.21402949479584282,-1.0652669487074344,11.494816062087382
240,-1.3417133058041613,-5.427338681429503,39.79457545749724,12.074068599676007,-11.477682096448596,0.21402949479584282,-1.0652669487074344,11.494816062087382
241,-1.3402976911369993,-5.432983952298785,39.82652006097251,12.070480343832276,-11.477682096448596,0.21402949479584282,-1.0652669487074344,11.494816062087382
242,-1.3386229583884528,-5.43553998021339,39.83290871485384,12.065092270647426,-11.477682096448596,0.21402949479584282,-1.0652669487074344,11.494816062087382
243,-1.336788706944823,-5.435255207656836,39.81787952756091,12.058112845217536,-11.477682096448596,0.21402949479584282,-1.0652669487074344,11.494816062087382
244,-1.3349845764656525,-5.436647611041479,39.82217565598155,12.053123405078672,-11.477682096448596,0.21402949479584282,-1.0652669487074344,11.494816062087382
245,-1.3333964561689615,-5.439429384713051,39.84460364177091,12.050446220449803,-11.477682096448596,0.21402949479584282,-1.0652669487074344,11.494816062087382
246,-1.3323571298570238,-5.44428312052003,39.87785936391119,12.049129539267634,-11.477682096448596,0.21402949479584282,-1.0652669487074344,11.494816062087382
247,-1.3320646903668936,-5.452373147154874,39.93314908111092,12.05045500501756,-11.477682096448596,0.21402949479584282,-1.0652669487074344,11.494816062087382
248,-1.3326207705009456,-5.463634298855023,40.01872209343489,12.055933191661534,-11.477682096448596,0.21402949479584282,-1.0652669487074344,11.494816062087382
249,-1.3342507854814032,-5.478704566809298,40.1378520019132,12.066354001976679,-11.477682096448596,0.21402949479584282,-1.0652669487074344,11.494816062087382
250,-1.3357576396390753,-5.493614094062242,40.255681113802616,12.077526462485514,-11.477682096448596,0.21402949479584282,-1.0652669487074344,11.494816062087382
251,-1.3371843200919242,-5.508503448687729,40.374419055657825,12.0897874144332,-11.477682096448596,0.21402949479584282,-1.0652669487074344,11.494816062087382
252,-1.3393986409344036,-5.525947059308744,40.51583560700175,12.106687411302454,-11.477682096448596,0.21402949479584282,-1.0652669487074344,11.494816062087382
253,-1.34218874647307,-5.545038357141056,40.67254582663779,12.127814301218583,-11.477682096448596,0.21402949479584282,-1.0652669487074344,11.494816062087382
254,-1.3444713384781344,-5.561336737489241,40.80603074153215,12.147928740576956,-11.477682096448596,0.21402949479584282,-1.0652669487074344,11.494816062087382
255,-1.3462596867492145,-5.575013421010399,40.917535397583585,12.166845807340168,-11.477682096448596,0.21402949479584282,-1.0652669487074344,11.494816062087382
256,-1.3479484575620726,-5.587840175927859,41.02273992855132,12.186757015207276,-11.477682096448596,0.21402949479584282,-1.0652669487074344,11.494816062087382
257,-1.3492719771184112,-5.598892774135523,41.11347198807345,12.20621228594619,-11.477682096448596,0.21402949479584282,-1.0652669487074344,11.494816062087382
258,-1.3511089846383628,-5.61088706811896,41.21397970657598,12.229947916836068,-11.477682096448596,0.21402949479584282,-1.0652669487074344,11.494816062087382
259,-1.3535098147505331,-5.623728666653989,41.32385474856485,12.25858718509765,-11.477682096448596,0.21402949479584282,-1.0652669487074344,11.494816062087382
260,-1.35581873037695,-5.635288029897348,41.42422160467265,12.288629816806463,-11.477682096448596,0.21402949479584282,-1.0652669487074344,11.494816062087382
261,-1.3582314152463832,-5.646050167137889,41.51963670214416,12.321299987590518,-11.477682096448596,0.21402949479584282,-1.0652669487074344,11.494816062087382
262,-1.359211658669927,-5.654328815605193,41.60047678023405,12.341697889111424,-11.477682096448596,0.21402949479584282,-1.0652669487074344,11.494816062087382
263,-1.3585311678422358,-5.660317216716348,41.66773415869232,12.347252858148792,-11.477682096448596,0.21402949479584282,-1.0652669487074344,11.494816062087382
264,-1.357048414929657,-5.665083980872435,41.72917392137168,12.345983928741084,-11.477682096448596,0.21402949479584282,-1.0652669487074344,11.494816062087382
265,-1.3542992935180032,-5.6674880052279635,41.77901854061154,12.334383986545216,-11.477682096448596,0.21402949479584282,-1.0652669487074344,11.494816062087382
266,-1.3510036874498959,-5.667703541575607,41.81696952417359,12.320544495326024,-11.477682096448596,0.21402949479584282,-1.0652669487074344,11.494816062087382
267,-1.3472015023174944,-5.66529564673955,41.84085342615754,12.305434061988043,-11.477682096448596,0.21402949479584282,-1.0652669487074344,11.494816062087382
268,-1.342104990460246,-5.657349981789711,41.83620371083732,12.284001380700156,-11.477682096448596,0.21402949479584282,-1.0652669487074344,11.494816062087382
269,-1.3358365752840504,-5.6419895426358835,41.792836664950364,12.259881818403649,-11.477682096448596,0.21402949479584282,-1.0652669487074344,11.494816062087382
270,-1.329819401103884,-5.622395653110677,41.73053913443014,12.243610107465189,-11.477682096448596,0.21402949479584282,-1.0652669487074344,11.494816062087382
271,-1.3240504633582733,-5.598277418394692,41.64813024135723,12.235223055821592,-11.477682096448596,0.21402949479584282,-1.0652669487074344,11.494816062087382
272,-1.3179010170370673,-5.566136710607416,41.52582880566394,12.232351114956463,-11.477682096448596,0.21402949479584282,-1.0652669487074344,11.494816062087382
273,-1.3117097894171479,-5.526548140503442,41.36803539768211,12.237505313697792,-11.477682096448596,0.21402949479584282,-1.0652669487074344,11.494816062087382
274,-1.3044031443314639,-5.470911730901692,41.13024715293744,12.249477319468022,-11.477682096448596,0.21402949479584282,-1.0652669487074344,11.494816062087382
275,-1.2958871089321484,-5.394645081823171,40.79228373076819,12.272336648181367,-11.477682096448596,0.21402949479584282,-1.0652669487074344,11.494816062087382
276,-1.2869608594297388,-5.300623106405029,40.37519977900711,12.310767796071783,-11.477682096448596,0.21402949479584282,-1.0652669487074344,11.494816062087382
277,-1.2773672341698086,-5.184158133872815,39.86256423669237,12.367736198951993,-11.477682096448596,0.21402949479584282,-1.0652669487074344,11.494816062087382
278,-1.2751707153677776,-5.143528656850589,39.7479062333664,12.403002242898548,-11.477682096448596,0.21402949479584282,-1.0652669487074344,11.494816062087382
279,-1.2812747587146378,-5.199722265782623,40.12515695271346,12.400699309631452,-11.477682096448596,0.21402949479584282,-1.0652669487074344,11.494816062087382
280,-1.2917114597875874,-5.301222096244872,40.74677101213148,12.383631505076673,-11.477682096448596,0.21402949479584282,-1.0652669487074344,11.494816062087382
281,-1.3088398233720298,-5.459582984919573,41.687317101263645,12.357195123571652,-11.477682096448596,0.21402949479584282,-1.0652669487074344,11.494816062087382
282,-1.328209714844101,-5.6104963202362494,42.6095808826936,12.353388047543373,-11.477682096448596,0.21402949479584282,-1.0652669487074344,11.494816062087382
283,-1.3496361211059842,-5.740899962915627,43.41908074798125,12.38305876394387,-11.477682096448596,0.21402949479584282,-1.0652669487074344,11.494816062087382
284,-1.3775003501682082,-5.852692330298435,44.07111036867779,12.475650708379035,-11.477682096448596,0.21402949479584282,-1.0652669487074344,11.494816062087382
285,-1.411007061446456,-5.90337505871338,44.25885604294887,12.674072400216897,-11.477682096448596,0.21402949479584282,-1.0652669487074344,11.494816062087382
286,-1.4427774290243094,-5.8852890361022965,43.98268771747137,12.942450067117187,-11.477682096448596,0.21402949479584282,-1.0652669487074344,11.494816062087382
287,-1.4728198082402433,-5.829147812275549,43.47632330394869,13.255879628058423,-11.477682096448596,0.21402949479584282,-1.0652669487074344,11.494816062087382
288,-1.504256849493304,-5.742380067624419,42.80119181695832,13.642059154225848,-11.477682096448596,0.21402949479584282,-1.0652669487074344,11.494816062087382
289,-1.5353066534618287,-5.643474200836421,42.12156487254536,14.070024215644013,-11.477682096448596,0.21402949479584282,-1.0652669487074344,11.494816062087382
290,-1.579828265402492,-5.492176483234568,41.2513749826785,14.764936003855272,-11.477682096448596,0.21402949479584282,-1.0652669487074344,11.494816062087382
291,-1.6391089644759729,-5.298106824436682,40.476063814463565,15.816604724376313,-11.477682096448596,0.21402949479584282,-1.0652669487074344,11.494816062087382
292,-1.7043714338485814,-5.113178544917737,40.175882048897385,17.107142991384013,-11.477682096448596,0.21402949479584282,-1.0652669487074344,11.494816062087382
293,-1.7792551466522122,-4.943966960109212,40.410091878688355,18.725312219874613,-11.477682096448596,0.21402949479584282,-1.0652669487074344,11.494816062087382
294,-1.7636199719993173,-4.986660899218856,40.2486986875354,18.29847865581617,-11.477682096448596,0.21402949479584282,-1.0652669487074344,11.494816062087382
295,-1.6468291600229543,-5.3280476848812075,40.59255922236975,15.779256674960978,-11.477682096448596,0.21402949479584282,-1.0652669487074344,11.494816062087382
296,-1.451103037923345,-5.836813363214664,44.05521656048819,13.082757009893056,-11.477682096448596,0.21402949479584282,-1.0652669487074344,11.494816062087382
297,-1.1447168200962548,-4.144047934907649,35.71971206272801,12.637142145711332,-11.477682096448596,0.21402949479584282,-1.0652669487074344,11.494816062087382
298,-1.2830912392668001,-4.935015752942139,42.11055991954242,13.076627497940697,-11.477682096448596,0.21402949479584282,-1.0652669487074344,11.494816062087382
299,-1.6210726994810314,-5.616113208286968,42.32098907022064,14.741027261111999,-11.477682096448596,0.21402949479584282,-1.0652669487074344,11.494816062087382
300,-1.736806370032783,-5.473740660463756,41.43673933651775,16.148192136186882,-11.477682096448596,0.21402949479584282,-1.0652669487074344,11.494816062087382
301,-1.6015178675665243,-5.841765009866693,45.687426132623266,14.668972316596355,-11.477682096448596,0.21402949479584282,-1.0652669487074344,11.494816062087382
302,-1.7458028094549363,-5.3892177584414656,40.233629975070336,15.89262458957626,-11.477682096448596,0.21402949479584282,-1.0652669487074344,11.494816062087382
303,-2.0781585201073822,-4.260203485451181,37.92559749332502,23.979344447989806,-11.477682096448596,0.21402949479584282,-1.0652669487074344,11.494816062087382
304,3.5466822963237896,3.759458161725416,53.161788969591974,152.4202548313044,-11.477682096448596,0.21402949479584282,-1.0652669487074344,11.494816062087382
305,-2.6902601854504486,-4.4290418927599555,47.78354924976272,39.33422781504257,-11.477682096448596,0.21402949479584282,-1.0652669487074344,11.494816062087382
306,-2.0716536180480216,-4.64881748766762,40.52401456698726,23.426853769430835,-11.477682096448596,0.21402949479584282,-1.0652669487074344,11.494816062087382
307,-1.193466877594999,-3.2965174412813485,37.433119409686874,15.146958102054969,-11.477682096448596,0.21402949479584282,-1.0652669487074344,11.494816062087382
308,-1.2321218834218566,-4.108547033177779,40.21659666172186,14.274702125012848,-11.477682096448596,0.21402949479584282,-1.0652669487074344,11.494816062087382
309,-1.6356643016059322,-5.612296235347018,43.32799607366262,15.168995045740488,-11.477682096448596,0.21402949479584282,-1.0652669487074344,11.494816062087382
310,-1.716254859256334,-5.243510065443404,40.295882731595036,16.724754645285,-11.477682096448596,0.21402949479584282,-1.0652669487074344,11.494816062087382
311,-1.7219740153219925,-5.186943803121726,39.97042056032362,16.98868133915454,-11.477682096448596,0.21402949479584282,-1.0652669487074344,11.494816062087382
312,-1.727502888262274,-5.168773567268641,39.87708724662462,17.092664561115825,-11.477682096448596,0.21402949479584282,-1.0652669487074344,11.494816062087382
313,-1.6635261684171694,-5.4421243268955735,42.138020218235475,15.820587925967702,-11.477682096448596,0.21402949479584282,-1.0652669487074344,11.494816062087382
314,-1.6316198711967396,-5.648153859869916,44.64039257241249,15.194754596928652,-11.477682096448596,0.21402949479584282,-1.0652669487074344,11.494816062087382
315,-1.635083921879859,-5.752716875083578,46.29919544030102,15.069052576010845,-11.477682096448596,0.21402949479584282,-1.0652669487074344,11.494816062087382
316,-1.5923395635224813,-5.981683541504706,50.28784703712217,14.493997910410277,-11.477682096448596,0.21402949479584282,-1.0652669487074344,11.494816062087382
317,-1.5008673430190558,-5.966441687080485,52.8791733604013,14.132799389574556,-11.477682096448596,0.21402949479584282,-1.0652669487074344,11.494816062087382
318,-1.4605705024452182,-5.763397584113714,52.4937380223599,14.249214460182577,-11.477682096448596,0.21402949479584282,-1.0652669487074344,11.494816062087382
319,-1.4575450523336069,-5.689243176526157,52.57226213885683,14.399945410391593,-11.477682096448596,0.21402949479584282,-1.0652669487074344,11.494816062087382
320,-1.4662267413445587,-5.719843182037833,53.37550954291649,14.50130326097655,-11.477682096448596,0.21402949479584282,-1.0652669487074344,11.494816062087382
321,-1.5039847850485424,-5.891878256778806,55.01460959260556,14.576553661182443,-11.477682096448596,0.21402949479584282,-1.0652669487074344,11.494816062087382
322,-1.5211751164111487,-5.9136727428795774,55.412115250547835,14.707930541920527,-11.477682096448596,0.21402949479584282,-1.0652669487074344,11.494816062087382
323,-1.5147776580173287,-5.860173630731632,55.40982413436853,14.808503378051377,-11.477682096448596,0.21402949479584282,-1.0652669487074344,11.494816062087382
324,-1.5289042520429306,-5.858428968401801,55.5951782458095,14.95945230443819,-11.477682096448596,0.21402949479584282,-1.0652669487074344,11.494816062087382
325,-1.553235082755621,-5.8695445345760255,55.78270438115733,15.159120870112645,-11.477682096448596,0.21402949479584282,-1.0652669487074344,11.494816062087382
326,-1.5644797549366283,-5.853889424122623,55.75553813305027,15.281950274686157,-11.477682096448596,0.21402949479584282,-1.0652669487074344,11.494816062087382
327,-1.5649452348781892,-5.833143959065723,55.70068353626115,15.332073551435021,-11.477682096448596,0.21402949479584282,-1.0652669487074344,11.494816062087382
328,-1.5613600303906217,-5.820755404165019,55.85084737580685,15.341871282538293,-11.477682096448596,0.21402949479584282,-1.0652669487074344,11.494816062087382
329,-1.5487193038319949,-5.807548489932781,56.140705119988105,15.294282730714627,-11.477682096448596,0.21402949479584282,-1.0652669487074344,11.494816062087382
330,-1.5452657439063218,-5.805013431596634,56.29982060318582,15.272230672299266,-11.477682096448596,0.21402949479584282,-1.0652669487074344,11.494816062087382
331,-1.552017725001646,-5.8234272855159555,56.461035872679076,15.271129372117969,-11.477682096448596,0.21402949479584282,-1.0652669487074344,11.494816062087382
332,-1.5568868044820046,-5.847915809551538,56.68309904008999,15.238612229874287,-11.477682096448596,0.21402949479584282,-1.0652669487074344,11.494816062087382
333,-1.5641006597222207,-5.883054159251662,56.93434657530269,15.192526651095296,-11.477682096448596,0.21402949479584282,-1.0652669487074344,11.494816062087382
334,-1.567353147278519,-5.902013907557701,56.96000615562927,15.13036971402045,-11.477682096448596,0.21402949479584282,-1.0652669487074344,11.494816062087382
335,-1.5650595413012567,-5.90265828916123,56.76228520509863,15.045000930936006,-11.477682096448596,0.21402949479584282,-1.0652669487074344,11.494816062087382
336,-1.563480526738281,-5.900686277706808,56.43260403205301,14.952340840696401,-11.477682096448596,0.21402949479584282,-1.0652669487074344,11.494816062087382
337,-1.5607808193925121,-5.88846117467829,55.901698416479626,14.850931071028302,-11.477682096448596,0.21402949479584282,-1.0652669487074344,11.494816062087382
338,-1.5578936543947088,-5.8789182990640905,55.36884495331936,14.73306766539127,-11.477682096448596,0.21402949479584282,-1.0652669487074344,11.494816062087382
339,-1.5555530665325126,-5.872004655368704,54.822083879157496,14.60262040336525,-11.477682096448596,0.21402949479584282,-1.0652669487074344,11.494816062087382
340,-1.5511367403581522,-5.847578797509226,53.98004422047032,14.460265255958067,-11.477682096448596,0.21402949479584282,-1.0652669487074344,11.494816062087382
341,-1.5449709702159367,-5.8057544186535655,52.8555065061071,14.307177411929118,-11.477682096448596,0.21402949479584282,-1.0652669487074344,11.494816062087382
342,-1.5425965683203728,-5.783332364398692,52.00717806648805,14.18470743059582,-11.477682096448596,0.21402949479584282,-1.0652669487074344,11.494816062087382
343,-1.544067543917633,-5.782904357029043,51.46358207605127,14.093589334355539,-11.477682096448596,0.21402949479584282,-1.0652669487074344,11.494816062087382
344,-1.5469351172191386,-5.785255942675396,50.94204094415183,14.015734704424107,-11.477682096448596,0.21402949479584282,-1.0652669487074344,11.494816062087382
345,-1.552548546869094,-5.79676689082084,50.5475933175958,13.964450803896025,-11.477682096448596,0.21402949479584282,-1.0652669487074344,11.494816062087382
346,-1.5581455505624318,-5.793477857308004,49.947286232101725,13.90290013425103,-11.477682096448596,0.21402949479584282,-1.0652669487074344,11.494816062087382
347,-1.563526354331834,-5.767944843494928,49.06888961415839,13.833134881071084,-11.477682096448596,0.21402949479584282,-1.0652669487074344,11.494816062087382
348,-1.5711866716595848,-5.728344689037838,48.07980585014177,13.792775524751216,-11.477682096448596,0.21402949479584282,-1.0652669487074344,11.494816062087382
349,-1.5805560478488199,-5.655528392485201,46.77909480391285,13.786259432327734,-11.477682096448596,0.21402949479584282,-1.0652669487074344,11.494816062087382
350,-1.5766600224951766,-5.496593673122879,44.38918026220046,13.75174537265866,-11.477682096448596,0.21402949479584282,-1.0652669487074344,11.494816062087382
351,-1.558323348618004,-5.220450047000282,40.72313524000155,13.722890452862528,-11.477682096448596,0.21402949479584282,-1.0652669487074344,11.494816062087382
352,-1.5223585412745402,-4.868654212616042,37.43064547601163,13.841255641852156,-11.477682096448596,0.21402949479584282,-1.0652669487074344,11.494816062087382
353,-1.4635371230783096,-4.153570258441471,31.787633684129226,14.485334008341407,-11.477682096448596,0.21402949479584282,-1.0652669487074344,11.494816062087382
354,-1.472347477698531,-3.8510053786202234,26.914318901423414,13.990009811861356,-11.477682096448596,0.21402949479584282,-1.0652669487074344,11.494816062087382
355,-1.5541728343823178,-1.9821095283881236,14.35737794550807,17.23723716981646,-11.477682096448596,0.21402949479584282,-1.0652669487074344,11.494816062087382
356,-1.421141299335846,-3.7367840701032113,30.80448686395099,14.407136326830235,-11.477682096448596,0.21402949479584282,-1.0652669487074344,11.494816062087382
357,-1.5313290574666438,-3.4421302227321915,22.85226113742247,14.433141657039352,-11.477682096448596,0.21402949479584282,-1.0652669487074344,11.494816062087382
358,-1.5085855471319451,-3.464597454428986,22.875854454056512,14.442337163981474,-11.477682096448596,0.21402949479584282,-1.0652669487074344,11.494816062087382
359,-1.4817964735832967,-3.229009739556142,21.233736460866638,14.10570883448118,-11.477682096448596,0.21402949479584282,-1.0652669487074344,11.494816062087382
360,-1.4504632252257037,-3.0154782221550787,19.847558852999732,14.102157142896932,-11.477682096448596,0.21402949479584282,-1.0652669487074344,11.494816062087382
361,-1.4035150022464928,-2.842322975475468,18.822538778095275,14.085628917105694,-11.477682096448596,0.21402949479584282,-1.0652669487074344,11.494816062087382
362,-1.368098890415732,-2.682092088683014,18.074337952941228,14.152531622613813,-11.477682096448596,0.21402949479584282,-1.0652669487074344,11.494816062087382
363,-1.346483914415641,-2.6109094069978336,17.938467288555596,14.260636890930664,-11.477682096448596,0.21402949479584282,-1.0652669487074344,11.494816062087382
364,-1.3212466435404262,-2.542931892310758,17.93743641166699,14.461691608178256,-11.477682096448596,0.21402949479584282,-1.0652669487074344,11.494816062087382
365,-1.298999649008718,-2.4883500646656556,18.091024511721347,14.800920396666205,-11.477682096448596,0.21402949479584282,-1.0652669487074344,11.494816062087382
366,-1.2633835732940286,-2.3834460173843683,17.80917356194811,14.901376934660602,-11.477682096448596,0.21402949479584282,-1.0652669487074344,11.494816062087382
367,-1.2116988916935951,-2.1801131744076847,16.858779309597445,14.832298113544486,-11.477682096448596,0.21402949479584282,-1.0652669487074344,11.494816062087382
368,-1.1447024796544256,-1.960941679349899,15.898919528305662,15.199775119979217,-11.477682096448596,0.21402949479584282,-1.0652669487074344,11.494816062087382
369,-0.9545081684563653,-1.5268055020913263,13.381414433085158,15.272005298888914,-11.477682096448596,0.21402949479584282,-1.0652669487074344,11.494816062087382
370,-0.8098222571945516,-1.159874184993554,12.066939778977732,16.02340402063329,-11.477682096448596,0.21402949479584282,-1.0652669487074344,11.494816062087382
371,-0.6665671995891823,-0.7751768737960831,11.482199631878094,17.394502776004373,-11.477682096448596,0.21402949479584282,-1.0652669487074344,11.494816062087382
372,-0.7395941371053093,-1.0217048421364219,11.511874227553685,17.62587853466827,-11.477682096448596,0.21402949479584282,-1.0652669487074344,11.494816062087382
373,-0.7614340550145439,-1.0256159454890823,11.774636804924613,18.778941573894034,-11.477682096448596,0.21402949479584282,-1.0652669487074344,11.494816062087382
374,-0.7488739503678988,-0.9927148714664474,12.0322653091892,19.8775406321,-11.477682096448596,0.21402949479584282,-1.0652669487074344,11.494816062087382
375,-0.6093840930938118,-0.7152123988766778,11.13525287138506,20.268915476812634,-11.477682096448596,0.21402949479584282,-1.0652669487074344,11.494816062087382
376,-0.5071471097314277,-0.5030771022693471,10.99712766030568,20.73346266361114,-11.477682096448596,0.21402949479584282,-1.0652669487074344,11.494816062087382
377,-0.3986989100232784,-0.2543457453017025,11.331188902138388,21.053438500826186,-11.477682096448596,0.21402949479584282,-1.0652669487074344,11.494816062087382
378,-0.29765723746611855,0.012852570156220166,12.37067754052401,21.470351319585205,-11.477682096448596,0.21402949479584282,-1.0652669487074344,11.494816062087382
379,-0.22247028818601672,0.2836654833379444,14.207289168487282,21.974143213949798,-11.477682096448596,0.21402949479584282,-1.0652669487074344,11.494816062087382
380,-0.14251268154262456,0.6144963735573592,16.915548751061326,22.48742595225465,-11.477682096448596,0.21402949479584282,-1.0652669487074344,11.494816062087382
381,-0.06697734705500395,0.9797818176145878,20.433166530731,23.130360184289643,-11.477682096448596,0.21402949479584282,-1.0652669487074344,11.494816062087382
382,0.01366761599100439,1.3671497534424362,24.584148431371627,23.681598108178566,-11.477682096448596,0.21402949479584282,-1.0652669487074344,11.494816062087382
383,0.06896215488426402,1.6434502687527235,28.049544154546712,24.08667804429384,-11.477682096448596,0.21402949479584282,-1.0652669487074344,11.494816062087382
384,0.12522377425135348,1.9367104135163378,31.957263401957093,24.51596085775462,-11.477682096448596,0.21402949479584282,-1.0652669487074344,11.494816062087382
385,0.1700420681342673,2.1433800499138327,34.94388107014442,25.026096330996268,-11.477682096448596,0.21402949479584282,-1.0652669487074344,11.494816062087382
386,0.13451445083826447,2.157328805931077,35.37963927256325,26.125331317771785,-11.477682096448596,0.21402949479584282,-1.0652669487074344,11.494816062087382
387,0.010457703961738686,1.954409962481168,32.821321807967465,27.99084514352376,-11.477682096448596,0.21402949479584282,-1.0652669487074344,11.494816062087382
388,-0.17030137312533092,1.5633362381247555,27.789894311461097,30.666224160661603,-11.477682096448596,0.21402949479584282,-1.0652669487074344,11.494816062087382
389,-0.42906823764124996,1.0406300217323867,21.496312104712224,34.63635191496491,-11.477682096448596,0.21402949479584282,-1.0652669487074344,11.494816062087382
390,-0.26931265725520864,1.3797917966646218,25.324151604830433,34.181734080909685,-11.477682096448596,0.21402949479584282,-1.0652669487074344,11.494816062087382
391,0.3564812395017365,2.4387623497090525,38.30019210065,31.741159994515836,-11.477682096448596,0.21402949479584282,-1.0652669487074344,11.494816062087382
392,0.9605796412177038,2.90164208466796,42.695004964501464,32.99261760605994,-11.477682096448596,0.21402949479584282,-1.0652669487074344,11.494816062087382
393,1.6582928310333618,2.771211858402441,38.169147750771366,37.34350467691489,-11.477682096448596,0.21402949479584282,-1.0652669487074344,11.494816062087382
394,1.748384719060921,2.3026883610430393,30.128890097233224,39.30559521429903,-11.477682096448596,0.21402949479584282,-1.0652669487074344,11.494816062087382
395,1.0897028576523018,1.2848805844897624,15.691820668238634,42.36837006921757,-11.477682096448596,0.21402949479584282,-1.0652669487074344,11.494816062087382
396,-1.5173869553719062,-0.7215980500607008,13.560421646958808,168.39772695942918,-11.477682096448596,0.21402949479584282,-1.0652669487074344,11.494816062087382
397,3.9139724415185904,0.5521690104358882,7.6173998358974515,115.30008264590752,-11.477682096448596,0.21402949479584282,-1.0652669487074344,11.494816062087382
398,3.3825128904144335,1.1076766508105942,11.57469961192915,70.11264700301518,-11.477682096448596,0.21402949479584282,-1.0652669487074344,11.494816062087382
399,1.0857965181738496,0.05171502823691102,10.10277243188876,87.19130754257341,-11.477682096448596,0.21402949479584282,-1.0652669487074344,11.494816062087382
400,0.4334585337950597,0.2326443941954767,10.354226115456495,68.70734151077059,-11.477682096448596,0.21402949479584282,-1.0652669487074344,11.494816062087382
401,0.1748767861139081,1.3301072585862466,22.12553343694409,127.97341048342088,-11.477682096448596,0.21402949479584282,-1.0652669487074344,11.494816062087382
402,-1.7423578465770193,0.5235057571487125,14.557747574647763,142.60053244096795,-11.477682096448596,0.21402949479584282,-1.0652669487074344,11.494816062087382
403,-3.231320068747967,-1.037716612500638,18.618073479401776,162.993960589364,-11.477682096448596,0.21402949479584282,-1.0652669487074344,11.494816062087382
404,-6.449087015412074,-0.625321901337307,10.985135960647,234.01065943738453,-11.477682096448596,0.21402949479584282,-1.0652669487074344,11.494816062087382
405,2.9977408132899823,1.2545204509891101,14.717678739100752,181.2947134178407,-11.477682096448596,0.21402949479584282,-1.0652669487074344,11.494816062087382
406,5.547331210700855,1.6731102917980378,19.760371833740386,202.8736484684396,-11.477682096448596,0.21402949479584282,-1.0652669487074344,11.494816062087382
407,-0.8976240339985212,0.30136815302886494,8.329740466100754,190.96462595708945,-11.477682096448596,0.21402949479584282,-1.0652669487074344,11.494816062087382
408,-3.466380863967658,-0.654838274972405,7.716216959641569,98.78929680076294,-11.477682096448596,0.21402949479584282,-1.0652669487074344,11.494816062087382
409,-1.0097809158425366,-1.7396640455518613,32.37480264450103,94.24264022456445,-11.477682096448596,0.21402949479584282,-1.0652669487074344,11.494816062087382
410,-1.3541491638524612,-0.18007273772834084,8.537273273862919,81.28057773803295,-11.477682096448596,0.21402949479584282,-1.0652669487074344,11.494816062087382
411,-1.9432973399554758,0.39685945570903036,22.485781739693046,224.21000844219606,-11.477682096448596,0.21402949479584282,-1.0652669487074344,11.494816062087382
412,-0.1446304233415674,3.5427528473875864,54.52788788003853,103.83466670488153,-11.477682096448596,0.21402949479584282,-1.0652669487074344,11.494816062087382
413,-1.7891867883018375,0.02938185021366755,10.874840747246068,138.01113084775184,-11.477682096448596,0.21402949479584282,-1.0652669487074344,11.494816062087382
414,-2.1340564896067313,-1.2207423656057517,18.87166340321135,101.30716131652112,-11.477682096448596,0.21402949479584282,-1.0652669487074344,11.494816062087382
415,-0.8713288484494381,-0.1672001719503541,8.917152087648915,59.01750622919972,-11.477682096448596,0.21402949479584282,-1.0652669487074344,11.494816062087382
416,-0.9078196612460061,-0.28475954220916455,8.821266521359405,60.08814783366561,-11.477682096448596,0.21402949479584282,-1.0652669487074344,11.494816062087382
417,-0.7178654506229196,-0.39622456782193427,8.631260167356158,86.76927591491372,-11.477682096448596,0.21402949479584282,-1.0652669487074344,11.494816062087382
418,-0.44908489442986127,-0.12391973127137916,10.330250129090803,87.66469306347243,-11.477682096448596,0.21402949479584282,-1.0652669487074344,11.494816062087382
419,-2.75408594972833,-0.8039549798074426,13.224145397299846,130.13895217428106,-11.477682096448596,0.21402949479584282,-1.0652669487074344,11.494816062087382
420,0.17916723701830561,0.037522724863431806,7.232921566976678,97.2294246531059,-11.477682096448596,0.21402949479584282,-1.0652669487074344,11.494816062087382
421,-5.7199564727100904,-2.0290915954377,24.311038265290314,223.36305059100022,-11.477682096448596,0.21402949479584282,-1.0652669487074344,11.494816062087382
422,2.326741018857472,0.037138894875910565,12.86973778814441,191.6017513022821,-11.477682096448596,0.21402949479584282,-1.0652669487074344,11.494816062087382
423,-1.9566092083032678,-0.33206242126572705,9.291223443327793,105.0294965754714,-11.477682096448596,0.21402949479584282,-1.0652669487074344,11.494816062087382
424,3.0037628319388934,0.21570642124369588,9.672200638032944,176.33851312138862,-11.477682096448596,0.21402949479584282,-1.0652669487074344,11.494816062087382
425,-2.1616972037059563,-0.006070282204118754,7.439585898358571,86.8815472172541,-11.477682096448596,0.21402949479584282,-1.0652669487074344,11.494816062087382
426,-1.912329811499622,-0.22845110094370497,7.345830807911208,80.44026494668329,-11.477682096448596,0.21402949479584282,-1.0652669487074344,11.494816062087382
427,-0.15105727576068,-0.5277023297873435,12.768465451831947,121.17232379208983,-11.477682096448596,0.21402949479584282,-1.0652669487074344,11.494816062087382
428,2.789105644975522,0.4223981475143344,8.426223560551758,148.79217775059973,-11.477682096448596,0.21402949479584282,-1.0652669487074344,11.494816062087382
429,-0.3137461576126472,-0.4758959412285923,9.043950118541368,200.78794643004093,-11.477682096448596,0.21402949479584282,-1.0652669487074344,11.494816062087382
430,3.8154864343897867,0.08270029811680056,6.185593717446704,109.25790522742412,-11.477682096448596,0.21402949479584282,-1.0652669487074344,11.494816062087382
431,0.12533329453120023,-0.40104703640741485,8.219305227890182,239.65577448088598,-11.477682096448596,0.21402949479584282,-1.0652669487074344,11.494816062087382
432,3.4315866249110023,4.7944893152185335,76.33471206772471,109.11710690565221,-11.477682096448596,0.21402949479584282,-1.0652669487074344,11.494816062087382
433,-0.4786294511943296,-0.019320371143116,9.133361959862198,68.62759503246895,-11.477682096448596,0.21402949479584282,-1.0652669487074344,11.494816062087382
434,-1.3769495103224798,0.2629251601941195,12.72164744362667,81.18569276782274,-11.477682096448596,0.21402949479584282,-1.0652669487074344,11.494816062087382
435,-3.4043630887454923,-0.6948245703047293,17.040377281870974,150.18991802583474,-11.477682096448596,0.21402949479584282,-1.0652669487074344,11.494816062087382
436,0.6925262985994627,-0.5898741987208306,10.747039258190126,116.81770977219196,-11.477682096448596,0.21402949479584282,-1.0652669487074344,11.494816062087382
437,0.11610018240598981,0.37015891797314965,7.780771624184849,56.81275980454794,-11.477682096448596,0.21402949479584282,-1.0652669487074344,11.494816062087382
438,2.8472261349664083,0.39288892237687745,9.050614129381167,125.11636160899833,-11.477682096448596,0.21402949479584282,-1.0652669487074344,11.494816062087382
439,1.5011295274695642,0.47337752298927505,9.443525359513249,64.4835485334493,-11.477682096448596,0.21402949479584282,-1.0652669487074344,11.494816062087382
440,0.31321740542403625,-0.09230200025970639,8.137838117372624,93.43776002425227,-11.477682096448596,0.21402949479584282,-1.0652669487074344,11.494816062087382
441,-7.041188791405551,-1.2569041016547793,17.090456023116673,235.3989369454757,-11.477682096448596,0.21402949479584282,-1.0652669487074344,11.494816062087382
442,3.5917775433780097,3.543824426736911,55.1439911663863,126.3202049396556,-11.477682096448596,0.21402949479584282,-1.0652669487074344,11.494816062087382
443,-7.87764087349854,-0.7591447083332211,8.432023806568164,193.27164208970294,-11.477682096448596,0.21402949479584282,-1.0652669487074344,11.494816062087382
444,0.9517482445976005,0.37757245640689124,8.245060176814574,109.75971179827583,-11.477682096448596,0.21402949479584282,-1.0652669487074344,11.494816062087382
445,-0.1440101899986517,-0.14622488057449984,8.983668285336613,53.41387719747902,-11.477682096448596,0.21402949479584282,-1.0652669487074344,11.494816062087382
446,1.0107650848410552,-0.027062430025829483,7.120462924220838,81.35566829209891,-11.477682096448596,0.21402949479584282,-1.0652669487074344,11.494816062087382
447,0.1792265807505192,-0.09734444959549873,8.68131012237517,65.18977997860975,-11.477682096448596,0.21402949479584282,-1.0652669487074344,11.494816062087382
448,-1.0838613506293684,-0.49278126980342174,9.358971985130838,63.5185719244685,-11.477682096448596,0.21402949479584282,-1.0652669487074344,11.494816062087382
449,-0.9033798605899889,-0.2840233037545074,9.789407554781206,54.108421722771524,-11.477682096448596,0.21402949479584282,-1.0652669487074344,11.494816062087382
450,-0.4469612020347014,-0.1688601181291596,7.505330751677617,48.602861783565835,-11.477682096448596,0.21402949479584282,-1.0652669487074344,11.494816062087382
451,0.3397532328817488,0.011522349341825335,8.052854084974367,93.74321427697905,-11.477682096448596,0.21402949479584282,-1.0652669487074344,11.494816062087382
452,3.3693648673639776,0.5695975419693624,10.638504523758558,115.88372641611096,-11.477682096448596,0.21402949479584282,-1.0652669487074344,11.494816062087382
453,-0.9049490000130099,0.1268051201200187,11.47763371727251,245.10041172674372,-11.477682096448596,0.21402949479584282,-1.0652669487074344,11.494816062087382
454,-1.455550952404951,-0.372282585743469,14.574597444683388,230.516819809665,-11.477682096448596,0.21402949479584282,-1.0652669487074344,11.494816062087382
455,-2.3473086955299776,-0.34373985734159,10.537453103323495,101.79674788498859,-11.477682096448596,0.21402949479584282,-1.0652669487074344,11.494816062087382
456,-1.9981720309585589,-0.08962100569548935,10.048916091731234,105.41552136021552,-11.477682096448596,0.21402949479584282,-1.0652669487074344,11.494816062087382
457,1.2145358287462549,0.061538409462132466,8.112896490314274,67.22327294166406,-11.477682096448596,0.21402949479584282,-1.0652669487074344,11.494816062087382
458,0.665844213162752,-0.14161389398040092,8.603284204021614,70.42329450282548,-11.477682096448596,0.21402949479584282,-1.0652669487074344,11.494816062087382
459,-2.8621099585428764,1.2916064875892153,48.16068008144677,158.0772690583921,-11.477682096448596,0.21402949479584282,-1.0652669487074344,11.494816062087382
460,-4.226365543358408,-0.9067308494405656,14.646102577628774,115.68338594506469,-11.477682096448596,0.21402949479584282,-1.0652669487074344,11.494816062087382
461,0.38073829684867455,-0.16773473352016252,11.356868742675049,191.7863451595949,-11.477682096448596,0.21402949479584282,-1.0652669487074344,11.494816062087382
462,-8.58244213975391,-0.528001815022478,8.51231147695418,261.6269363937656,-11.477682096448596,0.21402949479584282,-1.0652669487074344,11.494816062087382
463,-1.6792561685887932,-0.36359989052394437,10.349872288887171,95.7736012628214,-11.477682096448596,0.21402949479584282,-1.0652669487074344,11.494816062087382
464,-2.068525310212614,-0.26445285030042764,9.230995720941891,82.67693997022644,-11.477682096448596,0.21402949479584282,-1.0652669487074344,11.494816062087382
465,1.1090497059229192,0.23554423181717665,7.868867280465331,74.96827980716918,-11.477682096448596,0.21402949479584282,-1.0652669487074344,11.494816062087382
466,2.269201468830463,0.35460410548586485,8.043955994462149,78.90066297784304,-11.477682096448596,0.21402949479584282,-1.0652669487074344,11.494816062087382
467,1.8385880523215679,0.5746728227804156,13.281975579266192,97.6891801334667,-11.477682096448596,0.21402949479584282,-1.0652669487074344,11.494816062087382
468,-0.2939887585320404,0.022982879726520654,9.434048968599194,64.11587440663368,-11.477682096448596,0.21402949479584282,-1.0652669487074344,11.494816062087382
469,-1.671282576479972,-0.22964503353531596,8.71446552507986,94.9796144242435,-11.477682096448596,0.21402949479584282,-1.0652669487074344,11.494816062087382
470,-3.479848706534073,-0.6739894590996498,16.41520444623106,193.5848601102852,-11.477682096448596,0.21402949479584282,-1.0652669487074344,11.494816062087382
471,-0.6358743734703004,-0.29213440530708,9.656936183776647,64.43577979217066,-11.477682096448596,0.21402949479584282,-1.0652669487074344,11.494816062087382
472,-2.044569515882609,-0.41145241156301887,9.268090303243648,74.30905612776333,-11.477682096448596,0.21402949479584282,-1.0652669487074344,11.494816062087382
473,-5.752594629568738,-0.10487863728683025,7.679879353983784,223.75966345963397,-11.477682096448596,0.21402949479584282,-1.0652669487074344,11.494816062087382
474,-0.9050058836196665,-0.4720095068653517,9.015228846012894,207.64051694674657,-11.477682096448596,0.21402949479584282,-1.0652669487074344,11.494816062087382
475,-6.563783287530425,-0.5813025401484828,11.028716486213927,195.74087223792083,-11.477682096448596,0.21402949479584282,-1.0652669487074344,11.494816062087382
476,-2.146614105980769,0.4784860509875471,11.60973980603955,166.24375701082704,-11.477682096448596,0.21402949479584282,-1.0652669487074344,11.494816062087382
477,-0.6534558098546583,-0.049319175982062535,9.909532590412637,60.1923779817301,-11.477682096448596,0.21402949479584282,-1.0652669487074344,11.494816062087382
478,0.35345171460629216,0.15047733412375375,9.554491264381857,79.82594919587574,-11.477682096448596,0.21402949479584282,-1.0652669487074344,11.494816062087382
479,-1.5129663051367463,-0.5630640739837851,11.088087845552902,139.50530782792546,-11.477682096448596,0.21402949479584282,-1.0652669487074344,11.494816062087382
480,1.9450643863397987,0.4889915421980978,10.143797526269495,77.8138185565487,-11.477682096448596,0.21402949479584282,-1.0652669487074344,11.494816062087382
481,0.4259402026606028,-0.010571701256067661,12.972322290411373,105.52744411577132,-11.477682096448596,0.21402949479584282,-1.0652669487074344,11.494816062087382
482,0.7133095267581004,0.285036423803888,10.02793576789459,72.67242439632516,-11.477682096448596,0.21402949479584282,-1.0652669487074344,11.494816062087382
483,1.3692567485479925,0.5923228410641818,11.05072758905594,75.01144005785166,-11.477682096448596,0.21402949479584282,-1.0652669487074344,11.494816062087382
484,1.4748082362778339,0.14607156068447444,7.113894160344628,91.55136361364188,-11.477682096448596,0.21402949479584282,-1.0652669487074344,11.494816062087382
485,1.2875374683184437,-0.19253836866068702,12.737316379874375,143.62098169317352,-11.477682096448596,0.21402949479584282,-1.0652669487074344,11.494816062087382
486,-1.8953796567426817,-0.22281507247912272,10.508017108022447,116.10772033237055,-11.477682096448596,0.21402949479584282,-1.0652669487074344,11.494816062087382
487,-1.1587964351701043,-0.3897768184993702,14.684669934313646,180.6690829631007,-11.477682096448596,0.21402949479584282,-1.0652669487074344,11.494816062087382
488,1.7725391865922286,-1.1002219095258874,13.686900065524362,134.83911173778486,-11.477682096448596,0.21402949479584282,-1.0652669487074344,11.494816062087382
489,-0.7833106051029369,-1.1300027635458703,14.649578111785498,103.93763204973428,-11.477682096448596,0.21402949479584282,-1.0652669487074344,11.494816062087382
490,-2.2024758788675785,-1.315857184925174,15.91370494489665,99.18468371123913,-11.477682096448596,0.21402949479584282,-1.0652669487074344,11.494816062087382
491,-2.089614602525517,-0.9397186734631514,11.318583701288038,151.36166269358156,-11.477682096448596,0.21402949479584282,-1.0652669487074344,11.494816062087382
492,-0.4548197940216911,-1.3765360465454246,18.318690987156767,118.09260426643938,-11.477682096448596,0.21402949479584282,-1.0652669487074344,11.494816062087382
493,5.011326051092022,0.37659273082869144,7.29791797871019,164.8795847811299,-11.477682096448596,0.21402949479584282,-1.0652669487074344,11.494816062087382
494,-0.3147607435557214,0.37531743699302317,11.986186518465335,146.27205147728228,-11.477682096448596,0.21402949479584282,-1.0652669487074344,11.494816062087382
